name,category,phone,website,address,city,rating,reviews,email,email_2,whatsapp,facebook,instagram,linkedin
Bohemian Estates,Majetková správa,+420 222 222 500,bohemianestates.com,"V Háji 1092, 170 00 Praha 7-Holešovice",Prague 7-Holešovice,4.5,312,info@bohemianestates.com,shortstay@bohemianestates.com,,facebook.com/bohemianestates,,linkedin.com/company/bohemian-estates
Kalkulátor,Obchodní zprostředkovatel,+420 253 253 100,kalkulator.cz,"Zenklova 32/28, 180 00 Praha 8-Libeň",Prague 8-Libeň,4.7,311,kontakt@mbank.cz,info@homecredit.cz,,facebook.com/my.pocitame.vy.setrite,,linkedin.com/company/kalkulator-cz-s-r-o
Premium Financial Services s.r.o.,Finanční plánovač,+420 792 300 020,premiumfinance.cz,"Opletalova 1417, 110 00 Nové Město",New Town,5,210,tjostova@premiumfinance.cz,ahlavackova@premiumfinance.cz,,,,linkedin.com/company/premium-financial-services-s-r-o-
"Bondster Marketplace, Ltd.",Investiční služby,+420 283 061 555,bondster.com,"U Libeňského pivovaru 63/2, 180 00 Praha 8-Libeň",Prague 8-Libeň,4,199,jan.mikulecky@bondster.com,info@bondster.cz,,facebook.com/Bondstercom-901997009940921,instagram.com/bondster_p2p,linkedin.com/company/bondster-marketplace-s-r-o
Soccer Properties Ltd.,Realitní kancelář,+420 777 276 667,soccer-reality.cz,"bratří Dohalských 144/8, 190 00 Praha 9-Vysočany",Prague 9-Vysočany,4.7,195,jarosova@cnk-company.cz,info@soccer-reality.cz,,facebook.com/pages,instagram.com/soccerreality_cz,
No Money - No Honey,Corporate office,+420 775 007 999,nomoneynohoney.cz,"Ostrčilovo nám. 462/4, 128 00 Vinohrady",Vinohrady,5,187,info@nomoneynohoney.cz,,,facebook.com/zaimipraha,instagram.com/nomoneynohoney.cz,
AMJ Finance s.r.o.,Finanční poradce,+420 775 927 071,amj.cz,"Hradecká 2526/3, 130 00 Vinohrady",Vinohrady,4.9,145,sirovy@amj.cz,mungenga@amj.cz,,,,
CAR HOUSE,Autoprodejce,+420 725 958 186,carh.cz,"Pod Táborem 51, 190 00 Praha 9",Prague 9,4.3,137,fajtl@carh.cz,pospichal@carh.cz,,facebook.com/KIAcarhouse,,
Salesplan Indexrealit,Realitní kancelář,+420 736 401 369,salesplan.cz,"Na Hřebenkách 2288/72, 150 00 Praha 5-Smíchov",Prague 5-Smíchov,5,127,info@salesplan.cz,,,,,
